Workbook

Sheet 原始数据
A1: 订单日期 | B1: 地区 | C1: 产品 | D1: 数量 | E1: 销售额
A2: 2026/6/2 | B2: 华 东 | C2: 基础版 | D2: 12 | E2: 2388
A3: 2026-06-15 | B3: 华东 | C3: 专业版 | D3: 5 | E3: 2495
A4: 2026.07.03 | B4: 华南地区 | C4: 基础版 | D4: 18 | E4: 3582
A5: 2026-07-21 | B5: 华南 | C5: 专业版 | D5: 7 | E5: 3493
A6: 2026/08/01 | B6: 华北 | C6: 基础版 | D6: 9 | E6: 1791

Sheet 清洗后数据
A1: 订单日期 | B1: 地区 | C1: 产品 | D1: 数量 | E1: 销售额 | F1: 月份
A2: 46175 | B2: 华东 | C2: 基础版 | D2: 12 | E2: 2388 | F2: =TEXT(A2,"YYYY-MM")
A3: 46188 | B3: 华东 | C3: 专业版 | D3: 5 | E3: 2495 | F3: =TEXT(A3,"YYYY-MM")
A4: 46206 | B4: 华南 | C4: 基础版 | D4: 18 | E4: 3582 | F4: =TEXT(A4,"YYYY-MM")
A5: 46224 | B5: 华南 | C5: 专业版 | D5: 7 | E5: 3493 | F5: =TEXT(A5,"YYYY-MM")
A6: 46235 | B6: 华北 | C6: 基础版 | D6: 9 | E6: 1791 | F6: =TEXT(A6,"YYYY-MM")

Sheet 月度趋势
A1: 月份 | B1: 订单数 | C1: 销售数量 | D1: 销售额
A2: 2026-06 | B2: =COUNTIF(清洗后数据!F:F,A2) | C2: =SUMIF(清洗后数据!F:F,A2,清洗后数据!D:D) | D2: =SUMIF(清洗后数据!F:F,A2,清洗后数据!E:E)
A3: 2026-07 | B3: =COUNTIF(清洗后数据!F:F,A3) | C3: =SUMIF(清洗后数据!F:F,A3,清洗后数据!D:D) | D3: =SUMIF(清洗后数据!F:F,A3,清洗后数据!E:E)
A4: 2026-08 | B4: =COUNTIF(清洗后数据!F:F,A4) | C4: =SUMIF(清洗后数据!F:F,A4,清洗后数据!D:D) | D4: =SUMIF(清洗后数据!F:F,A4,清洗后数据!E:E)
A5: 合计 | B5: =SUM(B2:B4) | C5: =SUM(C2:C4) | D5: =SUM(D2:D4)

Sheet 地区构成
A1: 地区 | B1: 订单数 | C1: 销售数量 | D1: 销售额 | E1: 销售额占比
A2: 华东 | B2: =COUNTIF(清洗后数据!B:B,A2) | C2: =SUMIF(清洗后数据!B:B,A2,清洗后数据!D:D) | D2: =SUMIF(清洗后数据!B:B,A2,清洗后数据!E:E) | E2: =D2/$D$5
A3: 华南 | B3: =COUNTIF(清洗后数据!B:B,A3) | C3: =SUMIF(清洗后数据!B:B,A3,清洗后数据!D:D) | D3: =SUMIF(清洗后数据!B:B,A3,清洗后数据!E:E) | E3: =D3/$D$5
A4: 华北 | B4: =COUNTIF(清洗后数据!B:B,A4) | C4: =SUMIF(清洗后数据!B:B,A4,清洗后数据!D:D) | D4: =SUMIF(清洗后数据!B:B,A4,清洗后数据!E:E) | E4: =D4/$D$5
A5: 合计 | B5: =SUM(B2:B4) | C5: =SUM(C2:C4) | D5: =SUM(D2:D4) | E5: =SUM(E2:E4)

Sheet 数据质量清单
A1: 序号 | B1: 问题类型 | C1: 问题位置 | D1: 原始值 | E1: 清洗后值 | F1: 处理方式/状态
A2: 1 | B2: 日期格式不一致 | C2: 原始数据!A2 | D2: 2026/6/2 | E2: 2026-06-02 | F2: 统一为 YYYY-MM-DD（datetime 类型）
A3: 2 | B3: 地区写法不一致 | C3: 原始数据!B2 | D3: 华 东 | E3: 华东 | F3: 去除内部空格/“地区”后缀，统一为大区名
A4: 3 | B4: 日期格式不一致 | C4: 原始数据!A4 | D4: 2026.07.03 | E4: 2026-07-03 | F4: 统一为 YYYY-MM-DD（datetime 类型）
A5: 4 | B5: 地区写法不一致 | C5: 原始数据!B4 | D5: 华南地区 | E5: 华南 | F5: 去除内部空格/“地区”后缀，统一为大区名
A6: 5 | B6: 日期格式不一致 | C6: 原始数据!A6 | D6: 2026/08/01 | E6: 2026-08-01 | F6: 统一为 YYYY-MM-DD（datetime 类型）
